<?xml version='1.0' encoding='UTF-8'?><atom:entry xmlns:atom="http://www.w3.org/2005/Atom" xmlns:cmis="http://docs.oasis-open.org/ns/cmis/core/200908/" xmlns:cmisra="http://docs.oasis-open.org/ns/cmis/restatom/200908/"><atom:id>urn:uuid:00000000-0000-0000-0000-00000000000</atom:id><atom:title>LinkOneText</atom:title><atom:updated>2015-06-09T13:30:04Z</atom:updated><cmisra:object xmlns:ns3="http://docs.oasis-open.org/ns/cmis/messaging/200908/"><cmis:properties><cmis:propertyId propertyDefinitionId="cmis:contentStreamId" displayName="Content stream id" queryName="cmis:contentStreamId" /><cmis:propertyBoolean propertyDefinitionId="cmis:isVersionSeriesCheckedOut" displayName="Version series checked out" queryName="cmis:isVersionSeriesCheckedOut"><cmis:value>false</cmis:value></cmis:propertyBoolean><cmis:propertyString propertyDefinitionId="cmis:lastModifiedBy" displayName="Last Modifed By" queryName="cmis:lastModifiedBy"><cmis:value>admin</cmis:value></cmis:propertyString><cmis:propertyDateTime propertyDefinitionId="cmis:lastModificationDate" displayName="Last Modification Date" queryName="cmis:lastModificationDate"><cmis:value>2015-04-23T13:43:01.000+01:00</cmis:value></cmis:propertyDateTime><cmis:propertyId propertyDefinitionId="cmis:objectTypeId" displayName="Object Type" queryName="cmis:objectTypeId"><cmis:value>bb:richtext</cmis:value></cmis:propertyId><cmis:propertyString propertyDefinitionId="cmis:parentId" displayName="cmis:parentId" queryName="cmis:parentId"><cmis:value>97ee4f5e-441a-4200-97fe-f19a2f19bdc5</cmis:value></cmis:propertyString><cmis:propertyString propertyDefinitionId="cmis:contentStreamFileName" displayName="Content stream file name" queryName="cmis:contentStreamFileName"><cmis:value>LinkOneText</cmis:value></cmis:propertyString><cmis:propertyBoolean propertyDefinitionId="cmis:isLatestMajorVersion" displayName="Latest major version" queryName="cmis:isLatestMajorVersion"><cmis:value>true</cmis:value></cmis:propertyBoolean><cmis:propertyId propertyDefinitionId="cmis:objectId" displayName="Object Id" queryName="cmis:objectId"><cmis:value>7fd51c5c-7ceb-4107-af92-f54a8d202e28</cmis:value></cmis:propertyId><cmis:propertyDateTime propertyDefinitionId="cmis:creationDate" displayName="Creation Date" queryName="cmis:creationDate"><cmis:value>2015-04-23T13:43:01.000+01:00</cmis:value></cmis:propertyDateTime><cmis:propertyBoolean propertyDefinitionId="cmis:isImmutable" displayName="Immutable" queryName="cmis:isImmutable"><cmis:value>false</cmis:value></cmis:propertyBoolean><cmis:propertyString propertyDefinitionId="bb:title" displayName="Title" queryName="bb:title" /><cmis:propertyId propertyDefinitionId="cmis:baseTypeId" displayName="Base Type" queryName="cmis:baseTypeId"><cmis:value>cmis:document</cmis:value></cmis:propertyId><cmis:propertyInteger propertyDefinitionId="cmis:contentStreamLength" displayName="Content stream length" queryName="cmis:contentStreamLength"><cmis:value>9</cmis:value></cmis:propertyInteger><cmis:propertyString propertyDefinitionId="cmis:path" displayName="Path" queryName="cmis:path"><cmis:value>/Generated content/retail-banking/home/widget-advanced-content-8104651/LinkOneText</cmis:value></cmis:propertyString><cmis:propertyBoolean propertyDefinitionId="cmis:isMajorVersion" displayName="Major version" queryName="cmis:isMajorVersion"><cmis:value>true</cmis:value></cmis:propertyBoolean><cmis:propertyString propertyDefinitionId="bb:description" displayName="Description" queryName="bb:description" /><cmis:propertyString propertyDefinitionId="cmis:name" displayName="Name" queryName="cmis:name"><cmis:value>LinkOneText</cmis:value></cmis:propertyString><cmis:propertyBoolean propertyDefinitionId="cmis:isLatestVersion" displayName="Latest version" queryName="cmis:isLatestVersion"><cmis:value>true</cmis:value></cmis:propertyBoolean><cmis:propertyString propertyDefinitionId="cmis:versionSeriesCheckedOutBy" displayName="Version series checked out by" queryName="cmis:versionSeriesCheckedOutBy" /><cmis:propertyString propertyDefinitionId="bb:subTitle" displayName="Sub Title" queryName="bb:subTitle" /><cmis:propertyString propertyDefinitionId="cmis:versionLabel" displayName="Version" queryName="cmis:versionLabel"><cmis:value>1.0</cmis:value></cmis:propertyString><cmis:propertyString propertyDefinitionId="cmis:contentStreamMimeType" displayName="Content stream mime type" queryName="cmis:contentStreamMimeType"><cmis:value>text/html;charset=UTF-8</cmis:value></cmis:propertyString><cmis:propertyString propertyDefinitionId="cmis:changetoken" displayName="Change Token" queryName="cmis:changetoken" /><cmis:propertyString propertyDefinitionId="cmis:checkinComment" displayName="Checkin comment" queryName="cmis:checkinComment" /><cmis:propertyId propertyDefinitionId="cmis:versionSeriesCheckedOutId" displayName="Version series checked out Id" queryName="cmis:versionSeriesCheckedOutId" /><cmis:propertyId propertyDefinitionId="cmis:versionSeriesId" displayName="Version series Id" queryName="cmis:versionSeriesId"><cmis:value>2d3edb06-1a47-4b81-a13b-4f013e62798d</cmis:value></cmis:propertyId><cmis:propertyString propertyDefinitionId="cmis:createdBy" displayName="Created By" queryName="cmis:createdBy"><cmis:value>admin</cmis:value></cmis:propertyString></cmis:properties><cmis:allowableActions><cmis:canDeleteObject>true</cmis:canDeleteObject><cmis:canUpdateProperties>true</cmis:canUpdateProperties><cmis:canGetFolderTree>false</cmis:canGetFolderTree><cmis:canGetProperties>true</cmis:canGetProperties><cmis:canGetObjectRelationships>false</cmis:canGetObjectRelationships><cmis:canGetObjectParents>true</cmis:canGetObjectParents><cmis:canGetFolderParent>true</cmis:canGetFolderParent><cmis:canGetDescendants>false</cmis:canGetDescendants><cmis:canMoveObject>true</cmis:canMoveObject><cmis:canDeleteContentStream>true</cmis:canDeleteContentStream><cmis:canCheckOut>true</cmis:canCheckOut><cmis:canCancelCheckOut>false</cmis:canCancelCheckOut><cmis:canCheckIn>false</cmis:canCheckIn><cmis:canSetContentStream>true</cmis:canSetContentStream><cmis:canGetAllVersions>true</cmis:canGetAllVersions><cmis:canAddObjectToFolder>true</cmis:canAddObjectToFolder><cmis:canRemoveObjectFromFolder>true</cmis:canRemoveObjectFromFolder><cmis:canGetContentStream>true</cmis:canGetContentStream><cmis:canApplyPolicy>false</cmis:canApplyPolicy><cmis:canGetAppliedPolicies>false</cmis:canGetAppliedPolicies><cmis:canRemovePolicy>false</cmis:canRemovePolicy><cmis:canGetChildren>false</cmis:canGetChildren><cmis:canCreateDocument>false</cmis:canCreateDocument><cmis:canCreateFolder>false</cmis:canCreateFolder><cmis:canCreateRelationship>false</cmis:canCreateRelationship><cmis:canDeleteTree>false</cmis:canDeleteTree><cmis:canGetRenditions>false</cmis:canGetRenditions><cmis:canGetACL>false</cmis:canGetACL><cmis:canApplyACL>false</cmis:canApplyACL></cmis:allowableActions></cmisra:object></atom:entry>