<?xml version='1.0' encoding='UTF-8'?><atom:entry xmlns:atom="http://www.w3.org/2005/Atom" xmlns:cmis="http://docs.oasis-open.org/ns/cmis/core/200908/" xmlns:cmisra="http://docs.oasis-open.org/ns/cmis/restatom/200908/"><atom:id>urn:uuid:00000000-0000-0000-0000-00000000000</atom:id><atom:title>visa_creditcard.png</atom:title><atom:updated>2015-06-09T13:30:03Z</atom:updated><cmisra:object xmlns:ns3="http://docs.oasis-open.org/ns/cmis/messaging/200908/"><cmis:properties><cmis:propertyString propertyDefinitionId="cmis:versionSeriesCheckedOutBy" displayName="Version series checked out by" queryName="cmis:versionSeriesCheckedOutBy" /><cmis:propertyString propertyDefinitionId="bb:description" displayName="Description" queryName="bb:description" /><cmis:propertyString propertyDefinitionId="cmis:path" displayName="Path" queryName="cmis:path"><cmis:value>/retail-banking/CreditCards/visa_creditcard.png</cmis:value></cmis:propertyString><cmis:propertyId propertyDefinitionId="cmis:baseTypeId" displayName="Base Type" queryName="cmis:baseTypeId"><cmis:value>cmis:document</cmis:value></cmis:propertyId><cmis:propertyDateTime propertyDefinitionId="cmis:lastModificationDate" displayName="Last Modification Date" queryName="cmis:lastModificationDate"><cmis:value>2015-04-23T13:43:03.000+01:00</cmis:value></cmis:propertyDateTime><cmis:propertyString propertyDefinitionId="cmis:name" displayName="Name" queryName="cmis:name"><cmis:value>visa_creditcard.png</cmis:value></cmis:propertyString><cmis:propertyInteger propertyDefinitionId="bb:width" displayName="Width" queryName="bb:width"><cmis:value>0</cmis:value></cmis:propertyInteger><cmis:propertyString propertyDefinitionId="bb:altText" displayName="Alt Text" queryName="bb:altText" /><cmis:propertyBoolean propertyDefinitionId="cmis:isMajorVersion" displayName="Major version" queryName="cmis:isMajorVersion"><cmis:value>true</cmis:value></cmis:propertyBoolean><cmis:propertyBoolean propertyDefinitionId="cmis:isLatestMajorVersion" displayName="Latest major version" queryName="cmis:isLatestMajorVersion"><cmis:value>true</cmis:value></cmis:propertyBoolean><cmis:propertyString propertyDefinitionId="bb:title" displayName="Title" queryName="bb:title"><cmis:value>visa_creditcard.png</cmis:value></cmis:propertyString><cmis:propertyId propertyDefinitionId="cmis:objectId" displayName="Object Id" queryName="cmis:objectId"><cmis:value>f059ca49-68b6-4bf2-9670-ee66024fabf8</cmis:value></cmis:propertyId><cmis:propertyString propertyDefinitionId="cmis:versionLabel" displayName="Version" queryName="cmis:versionLabel"><cmis:value>1.0</cmis:value></cmis:propertyString><cmis:propertyString propertyDefinitionId="cmis:parentId" displayName="cmis:parentId" queryName="cmis:parentId"><cmis:value>759560df-ebd7-4e95-99c1-42a728ab6746</cmis:value></cmis:propertyString><cmis:propertyId propertyDefinitionId="cmis:contentStreamId" displayName="Content stream id" queryName="cmis:contentStreamId" /><cmis:propertyString propertyDefinitionId="cmis:changetoken" displayName="Change Token" queryName="cmis:changetoken" /><cmis:propertyDateTime propertyDefinitionId="cmis:creationDate" displayName="Creation Date" queryName="cmis:creationDate"><cmis:value>2015-04-23T13:43:03.000+01:00</cmis:value></cmis:propertyDateTime><cmis:propertyBoolean propertyDefinitionId="cmis:isVersionSeriesCheckedOut" displayName="Version series checked out" queryName="cmis:isVersionSeriesCheckedOut"><cmis:value>false</cmis:value></cmis:propertyBoolean><cmis:propertyString propertyDefinitionId="bb:subTitle" displayName="Sub Title" queryName="bb:subTitle" /><cmis:propertyString propertyDefinitionId="cmis:contentStreamMimeType" displayName="Content stream mime type" queryName="cmis:contentStreamMimeType"><cmis:value>image/png;charset=UTF-8</cmis:value></cmis:propertyString><cmis:propertyId propertyDefinitionId="cmis:versionSeriesId" displayName="Version series Id" queryName="cmis:versionSeriesId"><cmis:value>71dbe79f-9c22-4353-9ef5-e847a2180969</cmis:value></cmis:propertyId><cmis:propertyBoolean propertyDefinitionId="cmis:isImmutable" displayName="Immutable" queryName="cmis:isImmutable"><cmis:value>false</cmis:value></cmis:propertyBoolean><cmis:propertyId propertyDefinitionId="cmis:objectTypeId" displayName="Object Type" queryName="cmis:objectTypeId"><cmis:value>bb:image</cmis:value></cmis:propertyId><cmis:propertyString propertyDefinitionId="cmis:lastModifiedBy" displayName="Last Modifed By" queryName="cmis:lastModifiedBy"><cmis:value>admin</cmis:value></cmis:propertyString><cmis:propertyInteger propertyDefinitionId="bb:height" displayName="Height" queryName="bb:height"><cmis:value>0</cmis:value></cmis:propertyInteger><cmis:propertyBoolean propertyDefinitionId="cmis:isLatestVersion" displayName="Latest version" queryName="cmis:isLatestVersion"><cmis:value>true</cmis:value></cmis:propertyBoolean><cmis:propertyString propertyDefinitionId="cmis:createdBy" displayName="Created By" queryName="cmis:createdBy"><cmis:value>admin</cmis:value></cmis:propertyString><cmis:propertyString propertyDefinitionId="bb:tag" displayName="Tag" queryName="bb:tag" /><cmis:propertyId propertyDefinitionId="cmis:versionSeriesCheckedOutId" displayName="Version series checked out Id" queryName="cmis:versionSeriesCheckedOutId" /><cmis:propertyString propertyDefinitionId="cmis:contentStreamFileName" displayName="Content stream file name" queryName="cmis:contentStreamFileName"><cmis:value>visa_creditcard.png</cmis:value></cmis:propertyString><cmis:propertyString propertyDefinitionId="cmis:checkinComment" displayName="Checkin comment" queryName="cmis:checkinComment" /><cmis:propertyInteger propertyDefinitionId="cmis:contentStreamLength" displayName="Content stream length" queryName="cmis:contentStreamLength"><cmis:value>126462</cmis:value></cmis:propertyInteger></cmis:properties><cmis:allowableActions><cmis:canDeleteObject>true</cmis:canDeleteObject><cmis:canUpdateProperties>true</cmis:canUpdateProperties><cmis:canGetFolderTree>false</cmis:canGetFolderTree><cmis:canGetProperties>true</cmis:canGetProperties><cmis:canGetObjectRelationships>false</cmis:canGetObjectRelationships><cmis:canGetObjectParents>true</cmis:canGetObjectParents><cmis:canGetFolderParent>true</cmis:canGetFolderParent><cmis:canGetDescendants>false</cmis:canGetDescendants><cmis:canMoveObject>true</cmis:canMoveObject><cmis:canDeleteContentStream>true</cmis:canDeleteContentStream><cmis:canCheckOut>true</cmis:canCheckOut><cmis:canCancelCheckOut>false</cmis:canCancelCheckOut><cmis:canCheckIn>false</cmis:canCheckIn><cmis:canSetContentStream>true</cmis:canSetContentStream><cmis:canGetAllVersions>true</cmis:canGetAllVersions><cmis:canAddObjectToFolder>true</cmis:canAddObjectToFolder><cmis:canRemoveObjectFromFolder>true</cmis:canRemoveObjectFromFolder><cmis:canGetContentStream>true</cmis:canGetContentStream><cmis:canApplyPolicy>false</cmis:canApplyPolicy><cmis:canGetAppliedPolicies>false</cmis:canGetAppliedPolicies><cmis:canRemovePolicy>false</cmis:canRemovePolicy><cmis:canGetChildren>false</cmis:canGetChildren><cmis:canCreateDocument>false</cmis:canCreateDocument><cmis:canCreateFolder>false</cmis:canCreateFolder><cmis:canCreateRelationship>false</cmis:canCreateRelationship><cmis:canDeleteTree>false</cmis:canDeleteTree><cmis:canGetRenditions>false</cmis:canGetRenditions><cmis:canGetACL>false</cmis:canGetACL><cmis:canApplyACL>false</cmis:canApplyACL></cmis:allowableActions><cmis:rendition><cmis:streamId>sid-0cf93aa1-5119-4ef8-86e0-952ff806212d</cmis:streamId><cmis:mimetype>image/png</cmis:mimetype><cmis:length>9476</cmis:length><cmis:kind>cmis:thumbnail</cmis:kind><cmis:title>100x100-visa_creditcard.png</cmis:title><cmis:height>67</cmis:height><cmis:width>100</cmis:width></cmis:rendition></cmisra:object></atom:entry>